{
  "test_loss": 0.5464830994606018,
  "test_acc": 0.8379446864128113
}